Song_Name,AVG_Energy,SD_Energy,ZCR_mean,ZCR_sd,Centroid,BW,RollOff,BER_subbass,BER_bass,BER_low_mid,BER_mid,BER_high_mid,BER_treble,Tempo_bpm,TempoLog,Fuerza_Pulso,onset_rate,high_onset_mean,offbeat_ratio,Genero,MFCC_1_mean,MFCC_2_mean,MFCC_3_mean,MFCC_4_mean,MFCC_5_mean,MFCC_6_mean,MFCC_7_mean,MFCC_8_mean,MFCC_9_mean,MFCC_10_mean,MFCC_11_mean,MFCC_12_mean,MFCC_13_mean,MFCC_1_sd,MFCC_2_sd,MFCC_3_sd,MFCC_4_sd,MFCC_5_sd,MFCC_6_sd,MFCC_7_sd,MFCC_8_sd,MFCC_9_sd,MFCC_10_sd,MFCC_11_sd,MFCC_12_sd,MFCC_13_sd
"01-The Magic Flute – Queen of the Night aria (Mozart_ Diana Damrau, The Royal Opera).wav",0.015974055445510994,0.034819637952632376,0.044027345630996036,0.01462452135832272,1.5804144641502271,1.960628986017367,1265.625,0.05580993262717848,0.14321343833569283,0.3964047607339636,0.0701934938398282,0.023550340260888425,5.086473954423337e-4,137.2,7.1001,1.0211,7.2889,0.0561,0.6818,Opera,-49.055195412133266,13.320559495457967,-13.365580459083212,-1.2394166107529139,-6.763120984469885,-0.23676138438054206,-13.019653497313456,3.2986836859932334,-4.597001240507068,-1.5969621853839815,-2.3267956067492555,7.3738105100223255,-2.6480453388590908,9.812440342330097,3.7885534768406672,4.17517033858034,5.039090720587421,5.7462224426374595,7.0908684462767795,6.453723645125198,6.419237645941754,6.423566814879115,8.11734531225982,8.62179500442322,9.032876878996888,8.614201476485356
02-IL DIVO - Adagio (Live Video) - copia.wav,0.02025638616344319,0.03743028655368044,0.028757593436307738,0.036265103449024394,1.7337212771804609,2.767671400707079,468.75,0.6029693392892358,0.13669837268779528,0.03930868293304718,0.016166693628147703,0.012798237252103661,0.010260252887483782,125,6.9658,0.8518,2.1333,0.0378,0.4649,Opera,-48.06058806660714,15.73275813917646,-8.104907988180395,14.689624199637981,-13.232306281816818,16.941672289031146,-12.999993677035615,8.680486408588674,-0.970708243837641,-1.8327748380201374,-3.8205949035277276,-6.609318943439297,7.109792491833489,9.19533403680863,4.526851287546455,5.3347416956759215,5.209137109687516,4.2104232052644175,5.35750556318391,5.907026296756868,5.240929627894792,5.400646352320258,5.3168872358373545,7.210158883366134,5.965506899169562,6.418562486181794
03-The 3 Tenors O Sole Mio 1994.wav,0.025304472654641724,0.05019454735028429,0.0417262797718265,0.013673151386026244,1.4833837572625765,1.8020315515174838,1359.375,0.07711713274710487,0.19693010543507988,0.20052752098728707,0.09507211113579982,0.03216310647064699,1.8728656100993016e-4,125,6.9658,0.9729,8.8333,0.1621,0.6556,Opera,-42.22823336890148,14.423177156625796,-10.356403463548324,-2.957320815747976,-3.7492251825725926,4.542609671939789,-12.270412536763274,-0.47384543298892784,1.2518922149719316,0.5303802723149319,-11.620798040508024,0.7001966759238657,-0.2959161359981744,6.014243660839825,2.685880395527469,5.09869181924557,5.362152395878013,4.452659106424861,5.151539933369995,6.110399179711205,4.848436837071738,5.9693263579652465,4.740904055335494,6.018049870458277,5.099534834534404,5.663474942126567
04-Rossini： William Tell Overture： Final.wav,0.011709126039254452,0.03348012891125049,0.02859912675482461,0.01326521589395101,1.5656041972782273,2.3772295584317416,656.25,0.28713826097569456,0.21795935991504978,0.06886543229564296,0.032328836276291836,0.015429597985100203,0.002307571456610535,156.25,7.2877,0.9025,4.8667,0.0243,0.6033,Opera,-56.50048981612477,17.200599361114804,-10.549808274729056,5.913405447819911,-2.2031641599692033,3.6605055765059014,-4.936729563326498,3.888546446836817,-5.8960561303294785,1.1700926484252028,-5.634207210357565,0.511888542919923,-2.574604224041198,18.512168527859817,5.042759669759097,4.890073943940652,4.913633956133296,6.630680692010783,5.305646741688038,4.992087880661867,4.758094859909163,4.266181586330356,5.2560582850437,4.419176528958769,4.422708025275705,4.346687832772467
"05-Maria Callas sings ＂Casta Diva＂ (Bellini： Norma, Act 1).wav",0.012886454089468022,0.039962074149524705,0.03324999073971182,0.012690481721570598,1.3195170703048518,2.1234209206176216,890.625,0.06044701415159564,0.5331784746204439,0.1525779024227944,0.010984907306316937,0.004785427169393617,1.6679947282852227e-4,125,6.9658,0.8183,9.7667,0.0089,0.6545,Opera,-53.1311368918768,11.762808094638935,-6.072796107554038,1.7200217683508585,-1.8422790700825158,1.579248006118421,-8.397113297251522,2.175227648730769,-5.274778292601651,5.8410566965329735,-6.623378341228663,1.963503907578087,-4.916343484709911,6.224227055218847,3.016376935959317,4.252033756659913,3.8129922833380374,5.180078793450906,4.187523710835506,5.2470917088864795,5.88262751394091,5.632946966248219,6.600770170844542,7.588168882580742,7.820950183951973,7.042512512962472
06-The man with his crazy voice~~~.wav,0.020335934085559337,0.05658189471405782,0.05459854335666926,0.05392896871185595,2.248483347776723,2.9614775306134034,796.875,0.18120011584326207,0.02997137364677745,0.057922214517815165,0.13557506473550932,0.018193518880952938,0.009360436957939592,100.45,6.6503,1.0432,3.1222,0.0744,0.4916,Opera,-52.13237044566431,11.193652381814138,-15.785644489123289,15.748587546615681,-12.777918696004456,14.07203311278533,-11.23986537293615,7.5862933050819645,-3.2864700235776496,0.04807678029520033,0.6216166585049248,-2.031491796151502,4.336963802884229,15.805736438944985,5.2098096238028155,6.71755841919146,4.368151908177365,5.687319434002837,6.0734868617730795,5.790199546160727,5.026942717494288,6.663858186570274,6.795288549321716,7.137076462082253,8.861205209368993,6.996736828754446
"07-La Traviata： “Libiamo, ne’ lieti calici”.wav",0.006867062696956857,0.019796827870824613,0.04598612808830611,0.022602844005388367,1.7079640068023616,2.0005660238956353,1218.75,0.07910268047085688,0.30802282750486365,0.15430131354145732,0.04023947109562642,0.08463244182375797,8.218598915175872e-4,125,6.9658,1.0131,7.2889,0.0644,0.5634,Opera,-55.02987094797082,13.007369785793296,-11.656312685452145,3.524669530119325,-2.9247562534845546,3.0799045193896597,-15.920973628527058,-0.7983274433035963,1.4101555374492893,-3.267105587235298,-12.15394641770075,2.0587235557057175,-1.9363468900839311,10.315358623565334,3.8969513490578196,4.829663884259166,3.767405681876453,5.047951462619354,6.07156535246098,6.600243003024756,6.356007903790063,7.662280728283054,6.9280434307874454,7.474837388081013,6.284108955116056,7.880684310547785
08-Stars - Philip Quast - Les Misérables - 10th Anniversary Concert.wav,0.007866826039389497,0.020195088617177892,0.046288360743786346,0.030934124299068902,1.8574635997030768,2.343993999408269,1359.375,0.1463343440920936,0.23748852768663162,0.16504117345635905,0.0920723313275078,0.06568929266442837,0.0059325033351323815,125,6.9658,0.9738,2.7333,0.0935,0.4674,Opera,-48.044347563261844,12.802222442009281,-10.250414231512616,4.855135917484477,-2.350699445706973,6.086610467443898,-10.656473860266983,0.3599057427871006,-2.343051116793854,3.587888085923371,-8.243426391665343,2.143505356483201,-3.1966705158905273,9.13326574132251,4.9374634057816,4.681348671904774,6.27726827238381,6.071388105241595,6.44779028076216,6.738263591835818,4.9125576526357335,6.019262548988933,4.95315086973408,5.316321183885735,5.179470344755427,5.406218894766875
"09-(HD 1080p) Intermezzo from Cavalleria Rusticana,  Pietro Mascagni.wav",0.010031968888206167,0.024579004373188607,0.039357729562543985,0.014931071549588223,1.400360817437954,1.7001024780308354,1031.25,0.2759392270492427,0.1948125786639204,0.14611394780803458,0.05659573827433032,0.023633159584165377,9.418447126992779e-4,122.28,6.9341,0.8223,6.3556,0.0364,0.7659,Opera,-50.37871146927219,17.05508972731684,-16.370608748525253,8.18636641025112,-6.353714116683045,3.872217209028496,-9.013771005880747,3.418320340358684,-7.236531025012763,2.1491128365426264,-5.532179419848052,-0.10191190428610407,-5.14562435493079,10.243908404140432,2.5785899425700403,4.910472205823944,4.232642327463724,3.9706696921331845,3.9904284966977874,4.481919879119182,4.061790080469246,3.919681133377355,4.898124435731703,4.75595905288348,4.850546808905014,5.944258445089528
10-Nashaat Salman - Your Eyes Are My Homeland.wav,0.03102639505432362,0.06034526489737947,0.023638390376708524,0.008929648471008918,0.9621055188671124,1.601151780742047,703.125,0.22381892241670875,0.1896029267381817,0.14197142749292485,0.025354193244978545,0.002359101979732274,3.817382097568985e-4,119.68,6.903,0.7198,3.3778,0.017,0.4562,Opera,-52.94857531006776,22.952149107565074,-7.003785986516467,3.5518186479326412,-3.6862529683314067,3.646286753820499,-7.2858573609558,1.796829474287569,-4.473070365760276,4.558311195394064,-0.18397298417877112,4.24182126449842,-3.945363763010045,14.426694067853925,6.261007413402336,5.104095599512644,4.364882113776704,5.837107099973841,5.467456288581931,4.077004763536751,5.092195829215617,5.7696396587170264,5.644675305982641,6.682746926508538,6.009143469284226,6.615980981484978
"11-Bach, Air (＂on the G string＂, string orchestra).wav",0.01479735009206488,0.02881929014162434,0.03554179631070119,0.015035828196517617,1.287680557476919,1.6980579561723785,750,0.15594039557092265,0.31491227549315115,0.0893359381770171,0.056234317940101086,0.020223784578367848,3.859040099842834e-4,122.28,6.9341,0.8417,13.9778,0.0508,0.7386,Opera,-45.60545616341316,16.36821381627456,-15.216269936515086,8.836893133228761,-2.154671688432372,5.61849254451668,-9.437189150240188,3.952641744196959,-6.495043203053493,3.582818745030006,-2.888750245769895,4.1668643895159,-2.1417328074517656,4.708263841851542,2.194599753125271,3.8045818739253594,3.1999901087914386,3.4428028598970175,3.171302360501855,3.470113795069275,3.487207702325026,3.470833460722416,4.343449609761668,5.161959063844859,5.846191580221051,6.535141167396678
12-Verdi - La Traviata： Drinking Song (Libiamo ne_ lieti calici) [HQ].wav,0.00840202948322398,0.022280007069744635,0.056575499129532913,0.025004614094515223,1.9318714359035665,2.1125900223480967,2390.625,0.06416442032172763,0.17061090242430657,0.12176278899337908,0.11324655432788858,0.11755215457008054,0.0015393925698398978,125,6.9658,1.0708,6.8444,0.1219,0.5174,Opera,-50.71621130675725,10.711929094805262,-12.785386261671876,-0.4553422593868358,-0.7142847598480547,1.7385887557692516,-11.511591833921853,0.7442816116165563,-1.3782590940201087,-3.402077152692171,-12.147211758977692,4.409843121003391,-2.3898433302054154,9.211096528031307,3.613461904884326,6.048194793326316,5.37323464020214,5.678972763854604,7.595964942578442,6.2341148758686185,6.856739242393079,6.990079652877758,8.768381734735069,7.160822662605653,6.549438877970075,9.492471533942402
13-Barcarolle from Les Contes D_Hoffman - Caballe & Verrett.wav,0.01179466082291503,0.03280875039435915,0.0360985711375338,0.014202222384208521,1.4044776265735115,1.6670309570320827,984.375,0.16099922273320103,0.2839662010998114,0.21690091922689142,0.051773818383932406,0.012458807863195547,8.066922488684365e-4,122.28,6.9341,0.8643,4.5556,0.0218,0.6865,Opera,-53.28890983584541,17.583868728558013,-18.580148984328535,10.327153354912099,-8.379838934607982,2.03661304463462,-3.76257383016269,-8.849259535024384,4.7732452690255,-5.899427873005539,2.955406213074852,3.4299416993309557,0.8887606169537013,9.107667455369441,3.869613081614655,4.705222951033007,4.013665005755579,4.922591846005899,5.805786668325746,5.082075564860091,5.221080364836284,4.604238464560071,5.151461456595558,6.4999117690740915,6.880090907972446,7.603258295106044
14-Johann Strauss II - Die Fledermaus Overture.wav,0.004761696112354979,0.01777867444598834,0.02277857261917991,0.01239464673664875,1.0415328910642152,1.491079063143299,562.5,0.2974047261688666,0.21092099359832625,0.06650106329795553,0.024231058609957605,0.00965133015723272,7.079550811227472e-4,119.68,6.903,0.769,6.8556,0.0065,0.6236,Opera,-64.60194046101618,20.429041782821493,-10.75036053136735,9.61825736208044,-3.5786300123769577,3.861783142101257,-3.8761305454712205,0.934494168423127,-1.6231347308342892,-4.778967491810901,-0.1896644970915668,-5.254751098602073,2.252527166428995,11.278071837676649,2.8210274347633493,8.138317014138435,5.108047548751464,5.098262922062971,4.372308194523815,4.404399431126201,4.275194617451015,4.6341135403288325,4.615522436804121,4.898174081352519,5.220391514272566,6.246523144430553
15-Pavarotti - Vesti La Giubba.wav,0.018946391183519838,0.052119022740687235,0.039507746231062714,0.021598309203406225,1.5113467340203686,1.4153546824091954,1031.25,0.03660324499960221,0.21548909808321381,0.16279406775930755,0.015737598079255535,0.06368131743966413,2.740690927946121e-4,125,6.9658,0.8069,6.7,0.1189,0.5767,Opera,-59.31171671463892,22.48244520926123,-19.36675473443606,9.66966091632802,0.45191732876566043,-7.630293130259998,-6.177489881218972,-9.30024618005009,7.279430678794912,-7.469935975921158,-6.959266352961227,7.7280407323480045,-6.064003938700875,14.240745137548712,3.122343658399893,8.425479071054449,4.211111164198173,4.902390350711526,5.920199637844258,8.31267634757272,5.270030930330558,6.388694746872655,5.280130854145438,5.336738861942455,5.180010847404159,5.584296511078181
16-Bartoli & Fleming - Le Nozze di Figaro - Sull_aria.wav,0.015658026116719178,0.040854042720521934,0.03798408156461829,0.022462939397872597,1.4733801212227398,1.9404641462665546,750,0.013698083971474035,0.3895285027461014,0.07156566293584826,0.04534271551567483,0.008709022670475422,0.0014255768805158636,125,6.9658,0.9177,0.4,0.0214,0.5988,Opera,-52.72390658845094,15.973985710955594,-13.526353128048196,7.132391006920936,-11.929171449102581,9.131244756983346,-15.392484792486039,-1.7492685634615062,-4.442739010207776,-6.4351301930826965,-8.180764191061241,-3.860843002787962,7.945984967696154,5.415726446492092,2.880439758420169,3.707431555284736,4.59658065685959,5.03271079334207,4.445598998786638,4.906083315048822,7.0262858329614035,5.6232498537733395,4.989315337972769,6.4192006820313265,7.683500531652445,8.46403415316094
"17-Rameau ： Les sauvages, ＂Forêts paisibles＂, Les Indes galantes (Piau, Abadie).wav",0.011542822637850081,0.022931786366934825,0.03282702707708264,0.022693885754905094,1.9881368503609447,3.1961851832866572,609.375,0.3266253718405252,0.20051688766354975,0.08186570725745605,0.029288701720163398,0.009832698343786358,0.0028232676376416382,85.23,6.4132,1.0222,4.0333,0.0176,0.2989,Opera,-43.400689568354125,8.646134227592144,-6.4073818904818705,8.771787126893312,-4.237375668627684,6.1267503068856755,-5.764831769687185,5.23858707410943,-5.555770570461492,3.756367956475054,-4.074169628083554,2.2341139147740225,-3.8940419518628744,8.518456027465309,5.572861296869973,5.115319016743921,4.619191687463257,3.8961926315821436,3.546455704560919,4.332741673276769,4.019128232769531,3.824653813986477,3.676161498289358,4.840472780749258,4.465673590491546,4.5088331168077
18-Puccini - Turandot： Nessun Dorma [HQ].wav,0.00867261782000334,0.023788961773833214,0.04282292939956291,0.02331043912277063,1.7201406696495762,2.1499922989986953,1406.25,0.046691150501207514,0.24440248446984958,0.1429087560851107,0.05654982005441531,0.050247428840250304,0.002207143892157197,125,6.9658,0.8979,9.0222,0.0532,0.6535,Opera,-52.19334214419336,13.384048411435998,-9.941898452901995,1.5065436930212461,-4.738054348278088,4.452378628636931,-12.169371180063672,-1.5052815350354374,-1.4980240272703051,2.1792751627701996,-15.434149122227788,-0.32729349239319655,0.0325737654296018,12.381219441464571,3.685552370686696,6.815829589507166,4.736604533578523,5.327795816116025,6.176712517746245,5.637529129779144,5.898677624525101,6.020095428855606,5.4019716142938705,7.188265891836284,5.478983187629816,7.358660530985666
19-Leo Delibes - The Flower Duet [HQ].wav,0.00818683796805465,0.026804517778257844,0.044059062118013116,0.025675581746645568,1.7423214217141183,2.3570068791129914,1265.625,0.01978379875342396,0.15659668552388492,0.37058686837368654,0.045983167861983344,0.034767152764188625,0.001452135474480876,125,6.9658,0.9368,4.5667,0.0261,0.5681,Opera,-55.615563290209934,11.383537962459526,-7.704759101716546,-0.4127804737393521,-3.930195967073875,-2.38742791836278,-9.395498348819817,1.432870679977933,-3.478145599885907,-6.475521077962204,-10.894680885097765,5.559198004132962,-0.7580448942653812,11.822934304998586,4.040612475244317,6.71273662075125,5.2845162797833805,6.3989556517097,6.904892055630487,6.167333897825423,5.727771929789513,6.6142827855873385,6.763109197025832,7.486257174369549,8.198435926466425,9.249147790604988
20-Elīna Garanča – Saint-Saëns： _Mon coeur s_ouvre à ta voix_ from Samson et Dalila (Romantique).wav,0.009303761142379869,0.028892976777487683,0.029362174500870468,0.015236346472437838,1.1856371849704292,1.714798388686436,843.75,0.07609632839860117,0.4526635557895238,0.1277539729997593,0.12490582073758105,0.007332438454892487,3.068417643305116e-4,122.28,6.9341,0.7634,8.6778,0.0096,0.687,Opera,-59.78055724015047,16.30831791985777,-5.968592980104289,0.8476797928220816,-3.431585259653862,-0.05292885408825084,-7.90715687484966,-0.29334312232263177,-1.7696847643497629,-4.806592286438527,-9.488008592407825,3.3441714263070605,-3.870810718865742,11.949652514199107,3.425381862230307,5.277452498604602,4.537876484565348,5.118336106120705,5.9960539709416425,5.291440390045493,4.983853417978485,6.68621295957556,6.313989402058814,6.644460503455666,6.084638402454133,5.108777964217116
21-Anna Netrebko - Je veux vivre (Romeo & Juliette).wav,0.022927953162834146,0.052532854852414705,0.03501870578212394,0.021049873648118167,1.4082082355365202,1.9835819014154215,937.5,0.022920706682326684,0.2161813025768507,0.32406958297406196,0.0190267915618733,0.02169869381168422,0.002690144702115641,119.68,6.903,0.9585,0.8444,0.0541,0.5698,Opera,-52.46321603862312,16.039568134336545,-10.751922951513796,4.949144624698754,-6.6951731904558995,6.101677049353596,-20.124213896622933,8.13005441420348,-6.749138337394931,-4.215178319223942,-5.003640810307033,1.8062889019724904,-1.3341222796628658,7.662895660185929,4.609783738101838,5.118809399992972,4.502427078743345,5.615454941891823,6.294336559200409,6.853797774427481,6.382641336412889,7.80941208285643,7.813197654799575,7.537079362365551,7.936486249322207,9.60125112071901
22-Rossini - The Barber of Seville： Largo Al Factotum (Figaro) [HQ].wav,0.009560708890314,0.026007931623422985,0.049321452383598176,0.01758761140063244,1.6053234399460259,1.6638557022839728,2156.25,0.05821241908163944,0.23061201925143493,0.16526314921466093,0.1417599508448689,0.02978852685593945,9.198588727539289e-4,137.2,7.1001,0.9872,7.0778,0.1855,0.4501,Opera,-52.81636503012805,18.00557231294733,-17.026468100303372,1.8341490786875498,-5.512128627535005,6.091883376066467,-5.612333921786793,-7.016226312245269,-0.4588040083895289,0.026836120206857637,-7.94274090055504,-4.711833731279705,-3.542090588018672,10.647148590292671,4.433424052745107,6.071442426408255,5.817708217616484,4.851581374671397,5.645770351853781,5.503191800893674,7.85542235215665,6.9243798791045394,6.358308575060916,7.123719596161325,6.823985122032986,6.433390945658076
23-＂Three Little Maids From School Are We＂.wav,0.01264701095808781,0.030703885027813457,0.04873737373737374,0.038520971192393436,1.968506152330094,2.3440597908656557,1078.125,0.03206540995809396,0.3083583753422621,0.15484058441369605,0.07029380543348637,0.05163266443461113,0.0036088488131663645,117.19,6.8727,1.0909,4.8011,0.0942,0.577,Opera,-51.883012317235476,13.88644887096333,-15.278663872581104,9.52128561079293,-7.861011645030646,6.729636247705767,-10.944974207367324,2.0441016286084395,-3.1219199068212995,-5.703794308121845,-1.4176056642205763,-3.368562788589639,-5.70145273646797,21.25292054743384,5.375014340143004,6.808688010591444,6.302611575941656,7.828031096126854,6.61897338799998,8.535540568787253,6.176229360013357,6.23447350771469,7.900116458595472,6.5594004896203,7.767648312239029,8.424533423808034
24-Rossini - La Gazza Ladra (The Thieving Magpie)： Overture [HQ].wav,0.017976733882432414,0.03983238918410515,0.047436752231729454,0.01661747241269313,1.8254870140111126,2.1138094310994977,1359.375,0.22061127752137746,0.19780511950902774,0.15036868431409378,0.1038774231253326,0.03784092662182323,0.005297855040050923,122.28,6.9341,0.967,1.9,0.088,0.3933,Opera,-44.51390837807562,16.22515799851002,-17.911950904992356,11.731561179911877,-13.853828817270562,8.763750233517863,-10.391457924725081,4.28197265793693,-4.701236290599921,-3.256064136870082,-1.552186157911342,-2.135461376343738,-0.8879729168756604,14.225737816736531,3.4129670768225737,5.958131766146625,4.754430324329879,3.4370980461592935,4.266009610640476,4.194481835995761,4.535163377366588,5.435290866309263,5.639936446246978,5.433010634604033,6.218475410959668,5.849106088777805
25-Luciano Pavarotti： Celeste Aida.wav,0.03107162705346648,0.0731947702057347,0.05487681501648331,0.022450024579108167,1.8154928131466488,1.6392096423727431,2156.25,0.024639760853963518,0.16540322412925004,0.13648399994028096,0.11270381494787737,0.07386559264183731,6.831644600627524e-4,125,6.9658,0.9697,5.2556,0.3689,0.4779,Opera,-48.12146957929622,15.538693550625279,-20.66604671764716,7.480391318371369,-8.583849460746464,7.0052496077933055,-15.06112831261092,-0.13039933932273057,-2.6387691938785287,-5.351848412190175,-0.8340228556775136,-4.304237719738497,5.392858854873669,12.592983598806384,4.709266781399484,6.796523339083164,5.1462924366617075,7.0363394796416285,7.257908107103948,7.231952499090474,4.9527941659988475,5.528115726324893,5.981416438251558,4.50727532935899,5.550404508322542,5.86041148464668
"26-Romeo and Juliet – Balcony pas de deux (Federico Bonelli, Lauren Cuthbertson_ The Royal Ballet).wav",0.02160644186994747,0.03951462787288329,0.03616547671963551,0.014676692507672855,1.4390482132774032,2.0357673784727846,984.375,0.21106535328933337,0.22039806402985507,0.13187538408105529,0.05530863507838614,0.015968420313074792,0.0011393264985886384,125,6.9658,0.8718,5,0.054,0.722,Opera,-41.536727477206064,15.48265590373872,-11.229416750656581,4.465523927070514,-6.188442734998039,4.250700437712775,-8.633173914807221,3.754977186025816,-6.593774459478694,2.418611545443379,-5.972879949238195,1.9981216643708655,-5.836348938934043,9.456565647730319,4.14491512180132,3.455452779420128,3.0330628526880288,4.181674580035172,3.523334021987581,4.012397145978073,3.903068046355003,4.219031764268332,4.636799508760951,4.501892813741092,5.011776332965025,5.598759326646398
27-Rossini - William Tell Overture： Finale [HQ].wav,0.013280705402432088,0.03385835951838682,0.0341021687594918,0.012198929988939653,1.5885037341288304,2.1929922881039055,984.375,0.36710449682340546,0.15105604566732142,0.0996170972511221,0.0545761666359914,0.020727632902751772,0.002102629212904013,152.03,7.2482,0.9359,7,0.039,0.6242,Opera,-47.578563979251875,15.770686430130821,-11.978433543951263,5.113447488375668,-2.4794876894720272,2.984214162676102,-5.953589494568115,4.854140551677684,-5.961467561050093,2.6709585076709046,-5.635131247014982,2.083634543530594,-3.346809376961104,13.225783516881224,3.636474957664035,3.7605148215277793,3.833134746295328,4.802487412689587,3.6854132611710084,3.284187473474639,3.211091610752267,3.191070391275708,3.5170984906924248,3.3990739194632824,3.943729800326066,4.050376354106106
28-Puccini - O Mio Babbino Caro [HQ].wav,0.016782011067013627,0.05661107422847781,0.032767182464718304,0.013630376993492573,1.3583447854356643,1.8187623396387953,890.625,0.03573472438472649,0.1631324665408106,0.5361658170416064,0.029288498003083,0.017783662362537877,2.486577684735167e-4,122.28,6.9341,0.8373,6.5444,0.0383,0.6675,Opera,-56.1777758025451,15.674679757749926,-10.22439791647307,5.541190736933494,-5.766233194667957,4.395265648794801,-14.836499763521317,3.256219375510133,-4.76154292444979,-3.2395890260624514,-7.48842487065045,4.398981473584192,-2.8632616979450463,10.872028881497975,3.6575006589855765,4.586506901004304,3.902007317884742,5.102025852655113,6.755533652155934,5.623709876541979,5.653146296098972,6.928287360828012,6.883445998100137,8.085881190446171,8.148996590476346,7.976040242229161
"29-La traviata - _Sempre libera_ (Verdi_ Renée Fleming, The Royal Opera).wav",0.010540398143755939,0.03235708276868997,0.04293544190095196,0.015707962727609416,1.436359670171372,1.7804431900483573,1031.25,0.026867804746040277,0.05679405104021577,0.6445590857928628,0.03739057782766443,0.011362326811940977,2.7156563474689e-4,125,6.9658,0.8346,2.9556,0.0161,0.6657,Opera,-63.5000085440733,13.089257455556552,-11.32843685384271,-0.15964606756871255,-4.054295324171692,2.002693571879961,-12.204582696225849,0.46662001928534835,0.7408615624298701,1.8579333201278774,-5.459019204534412,3.3550098652277653,1.8128938032966295,14.677943508117094,3.694217728410474,4.752530555010389,4.146677750377835,6.538548284193898,6.108844103431399,5.144677209284571,4.668869600505545,6.956906123559062,6.0709532531736015,8.270587543374521,8.348946339169732,8.283614377220532
"30-MIRA - Ring, Ring ｜ Official Video.wav",0.14210139847684058,0.19634752561306956,0.0530590204467163,0.05370304360866673,3.2774996433038535,4.367462972591659,703.125,0.11148645696390909,0.07202362535452114,0.0851565878895384,0.02226718531188777,0.012458945252812012,0.016753751600446187,102.27,6.6763,1.3688,4.2889,0.2913,0.5702,Opera,-25.373409931168304,4.068048149708133,-4.430613463423219,5.789951843512194,-6.7067978923954374,3.9445825159587264,-6.751665529153407,5.7770095861197195,-5.575792482077851,3.744119629710117,-1.4266140756705759,3.860335314655366,-4.274730825329146,10.20442510214068,6.107249252337428,5.323320264198646,5.1198431876442445,5.300783795449178,4.882924670450508,5.700124883790797,4.9383122336866805,5.679701440608449,5.476226653654094,6.053834986954608,5.340801740541876,5.926315296630277
31-Gluck： Orfeo ed Euridice ＂Che Faro Senza Euridice？＂ M. Horne.wav,0.005972180709907037,0.017746602370654504,0.041574526799273995,0.017872672786008785,1.631691908605818,1.9874950468418842,1218.75,0.0533431806027926,0.3355255845442723,0.17380123038399617,0.07027564427061898,0.058863625417574686,8.600837930044269e-4,122.28,6.9341,0.9137,9.3556,0.046,0.698,Opera,-56.800712151816974,13.732140552720361,-11.57788283866268,2.6997574555143182,-5.100720578538433,7.013020750199966,-13.08790398434317,0.3229200605150297,-2.463364442460263,0.32196329413842906,-9.18552803254701,1.3847763402129314,-1.9475945085816464,12.501729225958824,4.058577737484079,5.360055712287285,4.327822927726247,4.54239166458841,4.619133570889181,4.917914571334092,4.5903510286658,5.410253818077458,5.910604087784429,6.8547573317183605,5.6941458692292954,7.018880243601606
32-La traviata - Brindisi aka The Drinking Song (The Royal Opera).wav,0.017482477296059375,0.0428151441338053,0.041301927065970294,0.017654500720615293,1.4762701513823153,1.8090126928093688,1171.875,0.04794506897559718,0.2486602961304433,0.27592621749184776,0.04640574479193729,0.03250677335136556,3.448182028243918e-4,125,6.9658,1.0157,8.6111,0.0767,0.5732,Opera,-51.11037591586358,14.113903306006723,-9.712610931922711,-0.6520436308030058,-1.9845198894371698,-1.1772373419602995,-11.80440301711304,0.3506637970805626,0.2651434474020459,-3.3170456179879126,-11.160025716383984,1.1711596767354684,-1.924101450626083,10.613297902053672,3.808431809489688,5.461219349354486,4.276337989813985,5.852089316021064,5.953870887065159,7.047657143954143,6.5594769355538585,8.267090585890864,7.232033772187221,6.948698041956851,7.297043533816265,9.460501192110911
33-Bizet - Carmen： Toreador Song [HQ].wav,0.010434120321414922,0.024270909413201498,0.04521902896618143,0.018979476819316925,2.167806779707275,2.8573077028074034,1359.375,0.23185981042408055,0.21258902815217054,0.13735921993282182,0.11449976611981943,0.03347804065676531,0.009545137019259683,125,6.9658,0.9164,7.5,0.0602,0.5591,Opera,-45.816629763307745,14.069317756836826,-12.70432039176876,5.246280185984691,-7.625075866244014,5.331810641221954,-8.33679729496382,4.118459944377482,-8.663933094979845,2.0308217924779175,-6.245389129626666,1.994053646762663,-5.598624023420031,14.519191292945234,5.282441871863871,4.99244185626321,4.4090182846672725,3.8744912965796185,4.298291713252461,4.20005774413949,4.608764164370756,4.359917149113148,5.251100855431261,4.78047053309388,5.613231101523426,4.742181100688664
34-The Magic Flute – _Der Vogelfanger bin Ich ja_ (Mozart_ Roderick Williams).wav,0.00726127258485662,0.019052477196256964,0.04950202800311146,0.028232674120356103,1.9031633168831654,2.752954785482607,1500,0.1302200994437102,0.2813613056862663,0.1636402521529355,0.13240319935134845,0.022420824658423807,0.002451455202798652,125,6.9658,1.0134,4.7667,0.0744,0.4993,Opera,-47.49082994347163,9.63063422215275,-6.800652217666416,-0.8794464215930291,-1.0328034965853041,5.645805585403005,-8.083450450588682,-2.999908931886563,-4.486153516084309,1.9725564319888724,-4.633561204438409,1.4398810486609468,-6.301388170726718,8.707452226370016,5.1213433248091915,4.90911877652017,4.840350634155548,5.248415113739665,6.447016197026547,4.471635191840703,5.058098473728917,5.435098711852212,5.4214359531322325,5.475543811482499,6.092805542067247,5.80212451337741
35-Leoncavallo - Pagliacci： Vesti La Giubba [HQ].wav,0.006617890274722248,0.019144539907795428,0.0469078740230396,0.021281181171897454,1.7050415862754142,1.6935260356083532,1968.75,0.04374073214832502,0.1502839580312163,0.1557628030876603,0.08568554174438416,0.07069086525828853,6.010296903907656e-4,127.84,6.9982,0.7809,3.6,0.0606,0.6248,Opera,-57.39043032373548,16.87865073935626,-14.765291508822823,4.21437244948255,-5.35338583111364,5.791243147489746,-14.871436698931733,2.299509366703962,-1.405324200968788,-2.93173678466471,-7.560295234700774,-0.6106034886818739,0.18726921823476317,16.134121385873392,3.773323961274679,11.47661273739524,3.9863703527668006,5.049653563589278,5.760077450053493,5.399202048564641,4.584814621660184,5.878006218994865,5.734564447255409,6.787160163003561,4.367035246831186,6.61424251170628
36-Puccini： “O mio babbino caro” ⧸ Fleming · Marin · Berliner Philharmoniker.wav,0.01614709656635263,0.04822611411251119,0.03399104530132978,0.015957381821639024,1.3366712817949988,1.7857787670069363,843.75,0.025272934929739237,0.1338638100929661,0.46715906032594184,0.017518030451574067,0.016498852658003427,2.0153945457301783e-4,125,6.9658,0.87,4.3556,0.0424,0.589,Opera,-54.52636241526291,14.512065050817299,-9.568458401518635,1.9264677869438285,-1.216188027513544,-0.03893409926390398,-10.477721130147906,-2.331499918267057,-1.7775170239752773,0.9910071412248137,-9.914510887452023,3.3502382967694317,2.1859225758827416,7.779852604883172,3.703865015974114,4.309100922474484,3.469148471887658,4.853540032087352,4.7399168127731075,4.7671639895270035,5.788631413135679,6.147380076168232,5.7078024650337245,7.727734346931683,7.912877553503213,10.262218366320914
37-Verdi - Rigoletto： La Donna E Mobile [HQ].wav,0.003913011231820857,0.01101995780348464,0.058129491239767385,0.02138267388707116,1.7112884404143622,1.6307515419908214,2531.25,0.07899064837142207,0.20340915380339739,0.11529434544292497,0.1323263711958584,0.09945613238299085,6.415323022575535e-4,130.81,7.0314,0.9492,5.7667,0.0545,0.5461,Opera,-57.40891182078006,16.941397861002823,-19.17132382465648,4.0897096189224875,-5.733865260155826,8.265012753323301,-14.694435725801204,-3.4798027876279574,1.9393006252263705,-5.550345211271238,-6.93613191262362,-6.269835126168132,3.5038233852345266,9.397298860457738,2.8922993495341056,5.312102330879713,4.394460591950769,4.311921186322506,6.145760029095669,5.585842275913385,5.204613500990671,6.459561544814486,4.9983594569851,6.151455239790127,5.336092439388101,6.799742188455022
"38-Romeo and Juliet - Juliet_s Variation (The Royal Ballet, Yasmine Naghdi).wav",0.007693163012888293,0.023612576456510433,0.04507711504982035,0.016725416768462977,1.7302670397100857,2.544995179270765,1218.75,0.1388743478343546,0.11088154211394843,0.1257954994582846,0.07313015965533418,0.020913351912891398,0.002303043809257344,125,6.9658,0.8504,6.7,0.0219,0.5755,Opera,-48.941104388656186,11.800691975033473,-9.83220431595018,2.331664958889156,-5.192149823635612,4.837393899779106,-7.183174218806419,4.549938313132181,-6.759023900391085,1.4822606811779429,-5.80645413174271,2.933688609202445,-3.085107618957848,10.14164695253413,4.771209152295768,3.1944133273642645,4.000909309120408,3.9321769620517495,4.181511275344556,4.71409141512928,4.480733400708029,5.070009605378231,5.929572249930531,5.941734459711883,6.630915025775353,7.408333615040514
"39-Mozart： Don Giovanni, K. 527 ⧸ Act 1 - ＂Là ci darem la mano＂ (Live).wav",0.024231868468004212,0.04126848090191447,0.036632426751120495,0.02073856156635295,1.8407212224415845,2.6386912692728144,843.75,0.13469748561921593,0.49292537177466467,0.09298055646514634,0.029833452189609592,0.05295002399775008,0.002223697437337831,122.28,6.9341,1.0058,4.4778,0.165,0.5661,Opera,-41.62824841032164,10.33362224373243,-6.294532142174808,3.2302690587391045,-1.2689282198913832,5.6903032513015015,-13.447544761869146,2.9409448247443857,-0.795520460987773,-0.6252899058396312,-12.034151704394242,4.218073188965624,-9.031988303155025,6.7202792335511985,3.6336538386541113,6.063206143200692,6.343577855267427,8.98887767812614,7.175418681915062,7.779597094296553,7.054578799564468,6.768344287914329,6.206608635927581,6.157957941760658,5.7803950501451835,7.105405135938188
40-MIRA - Love Again (Lyric Video).wav,0.10694528871887422,0.15433102455545641,0.044832296181057156,0.054080431381561773,2.7496670437794033,3.8118649552413073,328.125,0.13681230631387203,0.047077690579078554,0.029875262342112234,0.013195202369337888,0.011198395384444898,0.01605675009694362,152.03,7.2482,1.2738,4.9111,0.1985,0.5076,Opera,-31.38292390876095,6.739159453921916,-6.310250263638315,12.454529687516482,-9.527703956309693,12.591610465885575,-13.47226399964859,9.609960135079016,-7.503821107518541,5.252378216636067,-1.5735702918297856,3.70627750491001,-5.26492047862166,10.571490530616064,6.093428649017436,4.9222326189428465,5.282435732991228,5.883963841708013,5.285276250886155,7.247722196061041,5.385089449057527,5.66198618889764,5.68468749542491,6.32916741476029,5.964965669958912,5.923199009892494
"41-Carmen – The Flower Song (Jonas Kaufmann, The Royal Opera).wav",0.009324198347447004,0.02499338719085572,0.04530399211023447,0.02436099087779878,1.8545794346508986,2.3795137616176194,2109.375,0.08721829892619806,0.23689245603419842,0.08318543378382681,0.2354628492626577,0.07784912241877774,0.002139858235017631,125,6.9658,1.0056,5.6333,0.2542,0.5918,Opera,-49.41776010594649,11.43932211045177,-7.534676810770581,-1.2885370934814737,-1.6575769976715848,10.868083518928664,-9.937685923587622,-4.258678201805201,-3.1865864066805623,1.310282183282194,-8.71244573184923,-0.45685976359331654,-7.342788547023806,10.090413348296751,3.1901546743918594,6.104748970744224,5.20353704498936,5.488769764143613,6.1942119185011,6.107141292093181,5.73371260456143,5.375593000952785,5.432493616635556,6.269709459133918,6.540346240976632,5.2609914314730695
"42-Tosca - Te Deum (Bryn Terfel, The Royal Opera).wav",0.0058398672865597285,0.015202016554118895,0.03722624273067378,0.020760555409657936,1.4016815245128076,1.8713981804375954,1125,0.1411085868921805,0.2079200610069644,0.11352479428027591,0.04296403742266249,0.011947938096900685,0.0011172376903323448,122.28,6.9341,0.8546,7.2667,0.0437,0.641,Opera,-53.613381449064256,16.57773031002953,-10.275088690910826,1.4662318504609784,-4.491207822910659,5.375216834501604,-9.050273851290344,-0.14074656588415688,-2.6350278237252933,4.557156915360188,-5.943024359317636,-1.2832726026744001,-1.9220262051836179,9.074950355176611,3.3107822688175204,4.183453162607935,4.541725159103184,4.234573453421655,4.017060597066432,4.609119354700974,5.818149019782639,4.67152782911455,5.110785361717412,5.148541813438396,6.379451972834798,5.01940870003411
"43-The Magic Flute – _Pa–, pa–, pa–, Papageno_ duet (Mozart_ Gansch, Williams_ The Royal Opera).wav",0.008430743609903849,0.02356387829115992,0.0487360864170093,0.025347718371920062,1.8236568371925381,2.402751126399492,1593.75,0.04254078464786719,0.21061536943120382,0.3242844763090766,0.12351087560361707,0.026000817538039105,0.0010565221952431667,117.19,6.8727,1.1197,6.3111,0.0901,0.567,Opera,-48.65686092060462,10.647524386270439,-9.075811659382072,-1.731837075372573,-2.3169321380018166,4.0609014135841255,-10.133032795564352,-3.4501027485683915,-3.046149875636032,0.03471841189193878,-6.707256426044633,2.7741013172003557,-5.273989739155847,8.34570532318993,3.952924789522215,4.777974422678894,4.389347937486622,5.291560917584062,5.664700224554138,4.732028692240893,5.5927421684632,5.075528319942799,5.748247732920735,5.3545859162255,6.268537294390607,5.98895209433834
44-Dame Te Kanawa - Dove Sono.wav,0.014817958500599304,0.037380656821925484,0.03618006167351928,0.016456571366935267,1.3316485915416902,1.726329561983002,750,0.02892094346117674,0.22567459468027778,0.08855891615171987,0.08099065971499121,0.015535089771305702,2.149419920044134e-4,122.28,6.9341,0.8154,7.8111,0.0268,0.6459,Opera,-53.75724204823221,14.393436732496074,-8.417906608593343,-0.7542126021239184,-3.528328065815648,1.2577924594538665,-10.443846996144707,-2.7817242806410367,-5.441393532619545,-6.396558416708217,-11.684813172579938,5.0508730691727495,0.04280924697542822,6.762826715995039,3.473147260685337,5.855110494237513,3.9477287478350434,5.45827099810723,4.762913933392051,5.680630985673558,6.6077810190528945,5.665307422557035,5.5699628887243415,6.823599257031538,6.428876224662014,8.301115699250435
"45-Norma – Casta diva (Sonya Yoncheva, The Royal Opera).wav",0.016434693625059282,0.03761288544189674,0.03191836129940364,0.011418573536995026,1.3254787755419979,1.9953498693285037,937.5,0.05965031694310973,0.34244289583493687,0.30047471960790906,0.049939405048799054,0.007156708934987118,1.391989295607449e-4,125,6.9658,0.8547,3.9222,0.0146,0.6062,Opera,-50.87783087521786,12.802126969721767,-6.698963342092646,-0.3366828617280401,-3.1391007466983014,1.4652629063078688,-10.619890741515128,2.3849973629331402,-4.624017361035538,0.42418203259018483,-4.664575107588293,-1.4925454884148632,-7.862812147111845,8.475054170784325,3.3389589296064646,4.039024399455371,3.425117338495271,5.369489800032173,3.752570801998113,4.971895194646759,4.974792672594862,5.340713014950312,6.486118810271523,6.836956888160763,5.998107797933028,6.381923264966575
46-Handel - Xerxes： Ombra Mai Fu [HQ].wav,0.017924742671986363,0.04536406390201761,0.029655957143386303,0.017936219111890965,1.3067883225394978,1.9684364456729846,609.375,0.08231391875578853,0.6263053769317505,0.04987371846287146,0.02110629661323678,0.012718369941482269,4.6747206112719995e-4,119.68,6.903,0.7228,5.6667,0.0426,0.6771,Opera,-52.630520126386635,14.710748013677847,-6.764026078816393,2.544008621143641,0.653413814816389,2.140266095764082,-8.937747413070195,-1.90407325361845,-4.249779066073892,3.2059595544031683,-10.779373851387195,-1.0305221109028018,-5.108142239411616,10.284626927493127,3.315017072201461,5.219056498301356,3.3229423480129325,5.1178819629155115,4.324573715699146,5.829450666821994,5.274127976585759,5.6963204184590435,4.964603155678966,8.255401016274385,6.2673722618077825,6.522388764295848
47-Puccini - Madame Butterfly： Un bel di vedremo [HQ].wav,0.010581241633762136,0.037097128868816165,0.03515101214949809,0.01715458452599451,1.6946223483974496,2.2439565511734045,1078.125,0.03353055000362048,0.23559832141609816,0.16180102823590745,0.07002424618732545,0.027566299298693017,9.66205284870219e-4,127.84,6.9982,0.8561,8.6,0.0706,0.6179,Opera,-55.6384755775438,11.697633782268701,-7.436819522785289,-1.3014833441248324,-4.701213017606979,4.1805242240189,-12.843311159601484,0.16527011126618843,-4.156526755340363,-4.367791831498751,-12.131650819009547,3.1732824425826447,-4.874692462347848,11.68275744148344,3.34177574734744,6.743696888966547,4.1248887125963805,5.348381399575317,5.255128997462374,5.909333176556968,4.904575306736898,7.28646199393527,5.971069213682839,6.612573053112555,5.420234851750315,6.249785866041385
"48-Madama Butterfly – _Un bel dí vedremo_ (Puccini, Ermonela Jaho, The Royal Opera).wav",0.008589448866469559,0.032823533128062396,0.03361183650035189,0.016284394642087238,1.520183266299091,2.1088939270108935,984.375,0.03487003091185209,0.18132567334782757,0.2164431514977195,0.026960184137401557,0.011862485580938683,3.445374738961842e-4,119.68,6.903,0.849,8.0111,0.0145,0.6439,Opera,-58.78248145766176,12.343965795817326,-6.973941830283807,0.5867685119495426,-3.4002094529975366,-1.6435297982364898,-8.048190451031996,-0.03223865547449627,-3.9850596703395422,-5.662803889969133,-6.1495842568286525,1.4392454019970968,-7.2017285554640145,11.627732930005408,3.1101915061669363,5.735743294561395,3.4465486499500373,5.638127355134642,5.042936038388396,5.6490453792945114,5.624023794884004,6.1243261227257,5.577317503667661,5.4263029526022795,5.345250077943865,7.4416743642022904
49-Romeo and Juliet – Bedroom Pas de deux (The Royal Ballet).wav,0.008868126965502569,0.02116791159272222,0.024784466792606586,0.011965313138082167,1.0290532943665676,1.7193962910731997,515.625,0.4787954646385282,0.12011268898809602,0.07380479956195422,0.03201632361150911,0.003928610260930543,1.877875778431188e-4,125,6.9658,0.7303,6.4778,0.0041,0.6792,Opera,-52.99839373489495,16.28527266800765,-7.3732115201083825,3.323889496466373,-0.5917507853218179,4.534765115318499,-2.6949857257244916,0.03610694229457096,0.556299989479218,-2.6372014770244983,0.6519174852229006,-1.0313537774387254,-1.8289985777622177,6.070515894406202,3.374224059906801,4.000887754842228,3.8986378179772645,3.57531284791438,3.698400163062769,4.172841185501703,3.9322164870048284,4.163658082553206,4.779072742825365,4.546732941465937,4.799304782030469,5.604142095840068
50-IL DIVO - Adagio.wav,0.02025638616344319,0.03743028655368044,0.028757593436307738,0.036265103449024394,1.7337212771804609,2.767671400707079,468.75,0.6029693392892358,0.13669837268779528,0.03930868293304718,0.016166693628147703,0.012798237252103661,0.010260252887483782,125,6.9658,0.8518,2.1333,0.0378,0.4649,Opera,-48.06058806660714,15.73275813917646,-8.104907988180395,14.689624199637981,-13.232306281816818,16.941672289031146,-12.999993677035615,8.680486408588674,-0.970708243837641,-1.8327748380201374,-3.8205949035277276,-6.609318943439297,7.109792491833489,9.19533403680863,4.526851287546455,5.3347416956759215,5.209137109687516,4.2104232052644175,5.35750556318391,5.907026296756868,5.240929627894792,5.400646352320258,5.3168872358373545,7.210158883366134,5.965506899169562,6.418562486181794
